INSERT INTO `persons` (id, person, email, phone, created_at, updated_at) VALUES (1, 'Person 1', 'person1@example.com', '555199999991', '2025-07-28 11:47:58', NULL);
INSERT INTO `persons` (id, person, email, phone, created_at, updated_at) VALUES (2, 'Person 2', 'person2@example.com', '555199999992', '2025-07-28 11:47:58', NULL);
INSERT INTO `persons` (id, person, email, phone, created_at, updated_at) VALUES (3, 'Person 3', 'person3@example.com', '555199999993', '2025-07-28 11:47:58', NULL);
INSERT INTO `persons` (id, person, email, phone, created_at, updated_at) VALUES (4, 'Person 4', 'person4@example.com', '555199999994', '2025-07-28 11:47:58', NULL);
INSERT INTO `persons` (id, person, email, phone, created_at, updated_at) VALUES (5, 'Person 5', 'person5@example.com', '555199999995', '2025-07-28 11:47:58', NULL);
INSERT INTO `persons` (id, person, email, phone, created_at, updated_at) VALUES (6, 'Person 6', 'person6@example.com', '555199999996', '2025-07-28 11:47:58', NULL);
INSERT INTO `persons` (id, person, email, phone, created_at, updated_at) VALUES (7, 'Person 7', 'person7@example.com', '555199999997', '2025-07-28 11:47:58', NULL);
INSERT INTO `persons` (id, person, email, phone, created_at, updated_at) VALUES (8, 'Person 8', 'person8@example.com', '555199999998', '2025-07-28 11:47:58', NULL);
INSERT INTO `persons` (id, person, email, phone, created_at, updated_at) VALUES (9, 'Person 9', 'person9@example.com', '555199999999', '2025-07-28 11:47:58', NULL);
INSERT INTO `persons` (id, person, email, phone, created_at, updated_at) VALUES (10, 'Person 10', 'person10@example.com', '5551999999910', '2025-07-28 11:47:58', NULL);
INSERT INTO `addresses` (id, person_id, address, complement, city, state, country, zip_code, created_at, updated_at) VALUES (1, 1, 'Street 1', 'Apt 1', 'City', 'State', 'Country', 90000001, '2025-07-28 11:47:58', NULL);
INSERT INTO `addresses` (id, person_id, address, complement, city, state, country, zip_code, created_at, updated_at) VALUES (2, 2, 'Street 2', 'Apt 2', 'City', 'State', 'Country', 90000002, '2025-07-28 11:47:58', NULL);
INSERT INTO `addresses` (id, person_id, address, complement, city, state, country, zip_code, created_at, updated_at) VALUES (3, 3, 'Street 3', 'Apt 3', 'City', 'State', 'Country', 90000003, '2025-07-28 11:47:58', NULL);
INSERT INTO `addresses` (id, person_id, address, complement, city, state, country, zip_code, created_at, updated_at) VALUES (4, 4, 'Street 4', 'Apt 4', 'City', 'State', 'Country', 90000004, '2025-07-28 11:47:58', NULL);
INSERT INTO `addresses` (id, person_id, address, complement, city, state, country, zip_code, created_at, updated_at) VALUES (5, 5, 'Street 5', 'Apt 5', 'City', 'State', 'Country', 90000005, '2025-07-28 11:47:58', NULL);
INSERT INTO `addresses` (id, person_id, address, complement, city, state, country, zip_code, created_at, updated_at) VALUES (6, 6, 'Street 6', 'Apt 6', 'City', 'State', 'Country', 90000006, '2025-07-28 11:47:58', NULL);
INSERT INTO `addresses` (id, person_id, address, complement, city, state, country, zip_code, created_at, updated_at) VALUES (7, 7, 'Street 7', 'Apt 7', 'City', 'State', 'Country', 90000007, '2025-07-28 11:47:58', NULL);
INSERT INTO `addresses` (id, person_id, address, complement, city, state, country, zip_code, created_at, updated_at) VALUES (8, 8, 'Street 8', 'Apt 8', 'City', 'State', 'Country', 90000008, '2025-07-28 11:47:58', NULL);
INSERT INTO `addresses` (id, person_id, address, complement, city, state, country, zip_code, created_at, updated_at) VALUES (9, 9, 'Street 9', 'Apt 9', 'City', 'State', 'Country', 90000009, '2025-07-28 11:47:58', NULL);
INSERT INTO `addresses` (id, person_id, address, complement, city, state, country, zip_code, created_at, updated_at) VALUES (10, 10, 'Street 10', 'Apt 10', 'City', 'State', 'Country', 90000010, '2025-07-28 11:47:58', NULL);
INSERT INTO `users` (id, person_id, login, password_hash, is_admin, created_at, updated_at) VALUES (1, 1, 'user1', 'password1', 1, '2025-07-28 11:47:58', NULL);
INSERT INTO `users` (id, person_id, login, password_hash, is_admin, created_at, updated_at) VALUES (2, 2, 'user2', 'password2', 0, '2025-07-28 11:47:58', NULL);
INSERT INTO `users` (id, person_id, login, password_hash, is_admin, created_at, updated_at) VALUES (3, 3, 'user3', 'password3', 1, '2025-07-28 11:47:58', NULL);
INSERT INTO `users` (id, person_id, login, password_hash, is_admin, created_at, updated_at) VALUES (4, 4, 'user4', 'password4', 0, '2025-07-28 11:47:58', NULL);
INSERT INTO `users` (id, person_id, login, password_hash, is_admin, created_at, updated_at) VALUES (5, 5, 'user5', 'password5', 1, '2025-07-28 11:47:58', NULL);
INSERT INTO `users` (id, person_id, login, password_hash, is_admin, created_at, updated_at) VALUES (6, 6, 'user6', 'password6', 0, '2025-07-28 11:47:58', NULL);
INSERT INTO `users` (id, person_id, login, password_hash, is_admin, created_at, updated_at) VALUES (7, 7, 'user7', 'password7', 1, '2025-07-28 11:47:58', NULL);
INSERT INTO `users` (id, person_id, login, password_hash, is_admin, created_at, updated_at) VALUES (8, 8, 'user8', 'password8', 0, '2025-07-28 11:47:58', NULL);
INSERT INTO `users` (id, person_id, login, password_hash, is_admin, created_at, updated_at) VALUES (9, 9, 'user9', 'password9', 1, '2025-07-28 11:47:58', NULL);
INSERT INTO `users` (id, person_id, login, password_hash, is_admin, created_at, updated_at) VALUES (10, 10, 'user10', 'password10', 0, '2025-07-28 11:47:58', NULL);
INSERT INTO `products` (id, product, price, width, height, length, weight, url, created_at, updated_at) VALUES (1, 'Product 1', 105.5, 11, 6, 16, 2, '/product1', '2025-07-28 11:47:58', NULL);
INSERT INTO `products` (id, product, price, width, height, length, weight, url, created_at, updated_at) VALUES (2, 'Product 2', 111.0, 12, 7, 17, 3, '/product2', '2025-07-28 11:47:58', NULL);
INSERT INTO `products` (id, product, price, width, height, length, weight, url, created_at, updated_at) VALUES (3, 'Product 3', 116.5, 13, 8, 18, 4, '/product3', '2025-07-28 11:47:58', NULL);
INSERT INTO `products` (id, product, price, width, height, length, weight, url, created_at, updated_at) VALUES (4, 'Product 4', 122.0, 14, 9, 19, 5, '/product4', '2025-07-28 11:47:58', NULL);
INSERT INTO `products` (id, product, price, width, height, length, weight, url, created_at, updated_at) VALUES (5, 'Product 5', 127.5, 15, 10, 20, 6, '/product5', '2025-07-28 11:47:58', NULL);
INSERT INTO `products` (id, product, price, width, height, length, weight, url, created_at, updated_at) VALUES (6, 'Product 6', 133.0, 16, 11, 21, 7, '/product6', '2025-07-28 11:47:58', NULL);
INSERT INTO `products` (id, product, price, width, height, length, weight, url, created_at, updated_at) VALUES (7, 'Product 7', 138.5, 17, 12, 22, 8, '/product7', '2025-07-28 11:47:58', NULL);
INSERT INTO `products` (id, product, price, width, height, length, weight, url, created_at, updated_at) VALUES (8, 'Product 8', 144.0, 18, 13, 23, 9, '/product8', '2025-07-28 11:47:58', NULL);
INSERT INTO `products` (id, product, price, width, height, length, weight, url, created_at, updated_at) VALUES (9, 'Product 9', 149.5, 19, 14, 24, 10, '/product9', '2025-07-28 11:47:58', NULL);
INSERT INTO `products` (id, product, price, width, height, length, weight, url, created_at, updated_at) VALUES (10, 'Product 10', 155.0, 20, 15, 25, 11, '/product10', '2025-07-28 11:47:58', NULL);
INSERT INTO `categories` (id, category, created_at, updated_at) VALUES (1, 'Category 1', '2025-07-28 11:47:58', NULL);
INSERT INTO `categories` (id, category, created_at, updated_at) VALUES (2, 'Category 2', '2025-07-28 11:47:58', NULL);
INSERT INTO `categories` (id, category, created_at, updated_at) VALUES (3, 'Category 3', '2025-07-28 11:47:58', NULL);
INSERT INTO `categories` (id, category, created_at, updated_at) VALUES (4, 'Category 4', '2025-07-28 11:47:58', NULL);
INSERT INTO `categories` (id, category, created_at, updated_at) VALUES (5, 'Category 5', '2025-07-28 11:47:58', NULL);
INSERT INTO `categories` (id, category, created_at, updated_at) VALUES (6, 'Category 6', '2025-07-28 11:47:58', NULL);
INSERT INTO `categories` (id, category, created_at, updated_at) VALUES (7, 'Category 7', '2025-07-28 11:47:58', NULL);
INSERT INTO `categories` (id, category, created_at, updated_at) VALUES (8, 'Category 8', '2025-07-28 11:47:58', NULL);
INSERT INTO `categories` (id, category, created_at, updated_at) VALUES (9, 'Category 9', '2025-07-28 11:47:58', NULL);
INSERT INTO `categories` (id, category, created_at, updated_at) VALUES (10, 'Category 10', '2025-07-28 11:47:58', NULL);
INSERT INTO `products_categories` VALUES (1, 1);
INSERT INTO `products_categories` VALUES (2, 2);
INSERT INTO `products_categories` VALUES (3, 3);
INSERT INTO `products_categories` VALUES (4, 4);
INSERT INTO `products_categories` VALUES (5, 5);
INSERT INTO `products_categories` VALUES (6, 6);
INSERT INTO `products_categories` VALUES (7, 7);
INSERT INTO `products_categories` VALUES (8, 8);
INSERT INTO `products_categories` VALUES (9, 9);
INSERT INTO `products_categories` VALUES (10, 10);
INSERT INTO `carts` (id, session_id, user_id, address_id, freight, created_at, updated_at) VALUES (1, 'session1', 1, 1, 19.0, '2025-07-28 11:47:58', NULL);
INSERT INTO `carts` (id, session_id, user_id, address_id, freight, created_at, updated_at) VALUES (2, 'session2', 2, 2, 18.0, '2025-07-28 11:47:58', NULL);
INSERT INTO `carts` (id, session_id, user_id, address_id, freight, created_at, updated_at) VALUES (3, 'session3', 3, 3, 17.0, '2025-07-28 11:47:58', NULL);
INSERT INTO `carts` (id, session_id, user_id, address_id, freight, created_at, updated_at) VALUES (4, 'session4', 4, 4, 16.0, '2025-07-28 11:47:58', NULL);
INSERT INTO `carts` (id, session_id, user_id, address_id, freight, created_at, updated_at) VALUES (5, 'session5', 5, 5, 15.0, '2025-07-28 11:47:58', NULL);
INSERT INTO `carts` (id, session_id, user_id, address_id, freight, created_at, updated_at) VALUES (6, 'session6', 6, 6, 14.0, '2025-07-28 11:47:58', NULL);
INSERT INTO `carts` (id, session_id, user_id, address_id, freight, created_at, updated_at) VALUES (7, 'session7', 7, 7, 13.0, '2025-07-28 11:47:58', NULL);
INSERT INTO `carts` (id, session_id, user_id, address_id, freight, created_at, updated_at) VALUES (8, 'session8', 8, 8, 12.0, '2025-07-28 11:47:58', NULL);
INSERT INTO `carts` (id, session_id, user_id, address_id, freight, created_at, updated_at) VALUES (9, 'session9', 9, 9, 11.0, '2025-07-28 11:47:58', NULL);
INSERT INTO `carts` (id, session_id, user_id, address_id, freight, created_at, updated_at) VALUES (10, 'session10', 10, 10, 10.0, '2025-07-28 11:47:58', NULL);
INSERT INTO `carts_products` (id, cart_id, product_id, removed_at, created_at, updated_at) VALUES (1, 1, 1, '2025-07-29 11:47:58', '2025-07-28 11:47:58', NULL);
INSERT INTO `carts_products` (id, cart_id, product_id, removed_at, created_at, updated_at) VALUES (2, 2, 2, '2025-07-29 11:47:58', '2025-07-28 11:47:58', NULL);
INSERT INTO `carts_products` (id, cart_id, product_id, removed_at, created_at, updated_at) VALUES (3, 3, 3, '2025-07-29 11:47:58', '2025-07-28 11:47:58', NULL);
INSERT INTO `carts_products` (id, cart_id, product_id, removed_at, created_at, updated_at) VALUES (4, 4, 4, '2025-07-29 11:47:58', '2025-07-28 11:47:58', NULL);
INSERT INTO `carts_products` (id, cart_id, product_id, removed_at, created_at, updated_at) VALUES (5, 5, 5, '2025-07-29 11:47:58', '2025-07-28 11:47:58', NULL);
INSERT INTO `carts_products` (id, cart_id, product_id, removed_at, created_at, updated_at) VALUES (6, 6, 6, '2025-07-29 11:47:58', '2025-07-28 11:47:58', NULL);
INSERT INTO `carts_products` (id, cart_id, product_id, removed_at, created_at, updated_at) VALUES (7, 7, 7, '2025-07-29 11:47:58', '2025-07-28 11:47:58', NULL);
INSERT INTO `carts_products` (id, cart_id, product_id, removed_at, created_at, updated_at) VALUES (8, 8, 8, '2025-07-29 11:47:58', '2025-07-28 11:47:58', NULL);
INSERT INTO `carts_products` (id, cart_id, product_id, removed_at, created_at, updated_at) VALUES (9, 9, 9, '2025-07-29 11:47:58', '2025-07-28 11:47:58', NULL);
INSERT INTO `carts_products` (id, cart_id, product_id, removed_at, created_at, updated_at) VALUES (10, 10, 10, '2025-07-29 11:47:58', '2025-07-28 11:47:58', NULL);
INSERT INTO `orders_status` (id, status, created_at, updated_at) VALUES (1, 'Em Aberto', '2025-07-28 11:47:58', NULL);
INSERT INTO `orders_status` (id, status, created_at, updated_at) VALUES (2, 'Pago', '2025-07-28 11:47:58', NULL);
INSERT INTO `orders_status` (id, status, created_at, updated_at) VALUES (3, 'Enviado', '2025-07-28 11:47:58', NULL);
INSERT INTO `orders_status` (id, status, created_at, updated_at) VALUES (4, 'Entregue', '2025-07-28 11:47:58', NULL);
INSERT INTO `orders` (id, cart_id, user_id, order_status_id, total_value, created_at, updated_at) VALUES (1, 1, 1, 2, 52.81, '2025-07-28 11:47:58', NULL);
INSERT INTO `orders` (id, cart_id, user_id, order_status_id, total_value, created_at, updated_at) VALUES (2, 2, 2, 3, 102.81, '2025-07-28 11:47:58', NULL);
INSERT INTO `orders` (id, cart_id, user_id, order_status_id, total_value, created_at, updated_at) VALUES (3, 3, 3, 4, 152.81, '2025-07-28 11:47:58', NULL);
INSERT INTO `orders` (id, cart_id, user_id, order_status_id, total_value, created_at, updated_at) VALUES (4, 4, 4, 1, 202.81, '2025-07-28 11:47:58', NULL);
INSERT INTO `orders` (id, cart_id, user_id, order_status_id, total_value, created_at, updated_at) VALUES (5, 5, 5, 2, 252.81, '2025-07-28 11:47:58', NULL);
INSERT INTO `orders` (id, cart_id, user_id, order_status_id, total_value, created_at, updated_at) VALUES (6, 6, 6, 3, 302.81, '2025-07-28 11:47:58', NULL);
INSERT INTO `orders` (id, cart_id, user_id, order_status_id, total_value, created_at, updated_at) VALUES (7, 7, 7, 4, 352.81, '2025-07-28 11:47:58', NULL);
INSERT INTO `orders` (id, cart_id, user_id, order_status_id, total_value, created_at, updated_at) VALUES (8, 8, 8, 1, 402.81, '2025-07-28 11:47:58', NULL);
INSERT INTO `orders` (id, cart_id, user_id, order_status_id, total_value, created_at, updated_at) VALUES (9, 9, 9, 2, 452.81, '2025-07-28 11:47:58', NULL);
INSERT INTO `orders` (id, cart_id, user_id, order_status_id, total_value, created_at, updated_at) VALUES (10, 10, 10, 3, 502.81, '2025-07-28 11:47:58', NULL);
INSERT INTO `users_logs` (id, user_id, log, ip_address, user_agent, session_id, url, created_at, updated_at) VALUES (1, 1, 'User log example', '192.168.0.1', 'Mozilla/5.0', 'session1', '/url1', '2025-07-28 11:47:58', NULL);
INSERT INTO `users_logs` (id, user_id, log, ip_address, user_agent, session_id, url, created_at, updated_at) VALUES (2, 2, 'User log example', '192.168.0.1', 'Mozilla/5.0', 'session2', '/url2', '2025-07-28 11:47:58', NULL);
INSERT INTO `users_logs` (id, user_id, log, ip_address, user_agent, session_id, url, created_at, updated_at) VALUES (3, 3, 'User log example', '192.168.0.1', 'Mozilla/5.0', 'session3', '/url3', '2025-07-28 11:47:58', NULL);
INSERT INTO `users_logs` (id, user_id, log, ip_address, user_agent, session_id, url, created_at, updated_at) VALUES (4, 4, 'User log example', '192.168.0.1', 'Mozilla/5.0', 'session4', '/url4', '2025-07-28 11:47:58', NULL);
INSERT INTO `users_logs` (id, user_id, log, ip_address, user_agent, session_id, url, created_at, updated_at) VALUES (5, 5, 'User log example', '192.168.0.1', 'Mozilla/5.0', 'session5', '/url5', '2025-07-28 11:47:58', NULL);
INSERT INTO `users_logs` (id, user_id, log, ip_address, user_agent, session_id, url, created_at, updated_at) VALUES (6, 6, 'User log example', '192.168.0.1', 'Mozilla/5.0', 'session6', '/url6', '2025-07-28 11:47:58', NULL);
INSERT INTO `users_logs` (id, user_id, log, ip_address, user_agent, session_id, url, created_at, updated_at) VALUES (7, 7, 'User log example', '192.168.0.1', 'Mozilla/5.0', 'session7', '/url7', '2025-07-28 11:47:58', NULL);
INSERT INTO `users_logs` (id, user_id, log, ip_address, user_agent, session_id, url, created_at, updated_at) VALUES (8, 8, 'User log example', '192.168.0.1', 'Mozilla/5.0', 'session8', '/url8', '2025-07-28 11:47:58', NULL);
INSERT INTO `users_logs` (id, user_id, log, ip_address, user_agent, session_id, url, created_at, updated_at) VALUES (9, 9, 'User log example', '192.168.0.1', 'Mozilla/5.0', 'session9', '/url9', '2025-07-28 11:47:58', NULL);
INSERT INTO `users_logs` (id, user_id, log, ip_address, user_agent, session_id, url, created_at, updated_at) VALUES (10, 10, 'User log example', '192.168.0.1', 'Mozilla/5.0', 'session10', '/url10', '2025-07-28 11:47:58', NULL);
INSERT INTO `users_passwords_recoveries` (id, user_id, ip_address, recovered_at, created_at, updated_at) VALUES (1, 1, '192.168.0.1', NULL, '2025-07-28 11:47:58', NULL);
INSERT INTO `users_passwords_recoveries` (id, user_id, ip_address, recovered_at, created_at, updated_at) VALUES (2, 2, '192.168.0.1', NULL, '2025-07-28 11:47:58', NULL);
INSERT INTO `users_passwords_recoveries` (id, user_id, ip_address, recovered_at, created_at, updated_at) VALUES (3, 3, '192.168.0.1', NULL, '2025-07-28 11:47:58', NULL);
INSERT INTO `users_passwords_recoveries` (id, user_id, ip_address, recovered_at, created_at, updated_at) VALUES (4, 4, '192.168.0.1', NULL, '2025-07-28 11:47:58', NULL);
INSERT INTO `users_passwords_recoveries` (id, user_id, ip_address, recovered_at, created_at, updated_at) VALUES (5, 5, '192.168.0.1', NULL, '2025-07-28 11:47:58', NULL);
INSERT INTO `users_passwords_recoveries` (id, user_id, ip_address, recovered_at, created_at, updated_at) VALUES (6, 6, '192.168.0.1', NULL, '2025-07-28 11:47:58', NULL);
INSERT INTO `users_passwords_recoveries` (id, user_id, ip_address, recovered_at, created_at, updated_at) VALUES (7, 7, '192.168.0.1', NULL, '2025-07-28 11:47:58', NULL);
INSERT INTO `users_passwords_recoveries` (id, user_id, ip_address, recovered_at, created_at, updated_at) VALUES (8, 8, '192.168.0.1', NULL, '2025-07-28 11:47:58', NULL);
INSERT INTO `users_passwords_recoveries` (id, user_id, ip_address, recovered_at, created_at, updated_at) VALUES (9, 9, '192.168.0.1', NULL, '2025-07-28 11:47:58', NULL);
INSERT INTO `users_passwords_recoveries` (id, user_id, ip_address, recovered_at, created_at, updated_at) VALUES (10, 10, '192.168.0.1', NULL, '2025-07-28 11:47:58', NULL);
